"Path","Platform","Compiled","Cooked","Permutations","Compiletime","CompiledDouble","CookedDouble"
"Globals","0","33","0","1","0.000000","0","0"
"/ControlRig/Controls/ControlRigGizmoMaterial.ControlRigGizmoMaterial","0","2","2","1","6.022102","0","2"
"/Engine/EngineMaterials/DefaultLightFunctionMaterial.DefaultLightFunctionMaterial","0","25","25","1","5.996960","0","25"
"/Engine/EngineMaterials/DefaultDeferredDecalMaterial.DefaultDeferredDecalMaterial","0","33","33","1","14.767969","0","33"
"/MeshModelingToolset/Materials/M_DynamicMeshComponentVtxColor.M_DynamicMeshComponentVtxColor","0","7","9","1","4.914086","0","9"
"/Engine/EngineSky/VolumetricClouds/m_SimpleVolumetricCloud.m_SimpleVolumetricCloud","0","88","88","1","335.847565","0","88"
"/Engine/EngineMaterials/DefaultPostProcessMaterial.DefaultPostProcessMaterial","0","7","7","1","1.898617","0","7"
"/Engine/EngineMaterials/Widget3DPassThrough.Widget3DPassThrough","0","41","46","6","17.898956","0","46"
"/Engine/EditorMaterials/PhAT_UnselectedMaterial.PhAT_UnselectedMaterial","0","3","3","1","1.179690","0","3"
"/Engine/EngineMaterials/GizmoMaterial.GizmoMaterial","0","5","6","1","2.895226","0","6"
"/Engine/EngineMaterials/NaniteHiddenSectionMaterial.NaniteHiddenSectionMaterial","0","12","14","1","7.211073","0","14"
"/Engine/EngineMaterials/WorldGridMaterial.WorldGridMaterial","0","333","356","1","126.111473","0","356"
"/Game/Assets/Materials/Glowing_Portal.Glowing_Portal","0","3","3","1","1.024303","0","3"
"/Game/LevelPrototyping/Materials/M_PrototypeGrid.M_PrototypeGrid","0","6","6","2","3.262624","0","6"
"/Game/Orgin_stuff/StarterContent/Props/Materials/M_Chair.M_Chair","0","3","3","1","1.473447","0","3"
"/Engine/EditorMaterials/PhAT_NoCollisionMaterial.PhAT_NoCollisionMaterial","0","3","3","1","0.571171","0","3"
"/HairStrands/Materials/HairMeshesDefaultMaterial.HairMeshesDefaultMaterial","0","33","36","1","13.346123","0","36"
"/HairStrands/Materials/HairDefaultMaterial.HairDefaultMaterial","0","33","36","1","0.000000","0","36"
"/Engine/EngineDebugMaterials/DebugMeshMaterial.DebugMeshMaterial","0","5","5","1","1.977091","0","5"
"/Engine/EngineMaterials/RemoveSurfaceMaterial.RemoveSurfaceMaterial","0","2","2","1","0.501584","0","2"
"/Engine/EngineSky/M_SimpleSkyDome.M_SimpleSkyDome","0","2","2","1","0.995854","0","2"
"/Engine/EditorMaterials/Dataflow/DataflowTwoSidedVertexMaterial.DataflowTwoSidedVertexMaterial","0","12","14","1","7.340698","0","14"
"/Engine/EditorMaterials/Dataflow/DataflowVertexMaterial.DataflowVertexMaterial","0","6","6","1","2.225740","0","6"
"/Game/Orgin_stuff/StarterContent/Props/Materials/M_TableRound.M_TableRound","0","3","3","1","1.649909","0","3"
"/Engine/EngineSky/M_Sky_Panning_Clouds2.M_Sky_Panning_Clouds2","0","2","2","1","1.012961","0","2"
"/Game/Orgin_stuff/StarterContent/Props/Materials/M_Door.M_Door","0","3","3","1","1.558394","0","3"
"/Game/Orgin_stuff/StarterContent/Materials/M_Glass.M_Glass","0","8","8","1","11.049212","0","8"
"/Game/Orgin_stuff/StarterContent/Props/Materials/M_Lamp.M_Lamp","0","3","3","1","1.589868","0","3"
"/Game/Orgin_stuff/StarterContent/Props/Materials/M_Frame.M_Frame","0","3","3","1","1.568172","0","3"
"/InterchangeAssets/gltf/M_Default.M_Default","0","110","128","6","109.930305","0","128"
"/Engine/BasicShapes/BasicShapeMaterial.BasicShapeMaterial","0","9","9","1","4.197565","0","9"
"/InterchangeAssets/gltf/M_ClearCoat.M_ClearCoat","0","110","128","6","91.655731","0","128"
"/ControlRig/Controls/ControlRigXRayMaterial.ControlRigXRayMaterial","0","6","7","1","2.256495","0","7"
"/InterchangeAssets/gltf/M_Sheen.M_Sheen","0","102","112","6","75.614044","0","112"
"/InterchangeAssets/gltf/M_Unlit.M_Unlit","0","82","92","6","39.941189","0","92"
"/Game/Orgin_stuff/FirstPersonArms/Character/Materials/M_Mannequin.M_Mannequin","0","16","20","2","6.148124","0","20"
"/HairStrands/Materials/HairCardsDefaultMaterial.HairCardsDefaultMaterial","0","57","63","1","25.738935","0","63"
"/Game/Assets/Characters/Mannequins/Materials/M_Mannequin.M_Mannequin","0","16","20","2","6.215702","0","20"
"/Engine/EngineDebugMaterials/DebugEditorMaterial.DebugEditorMaterial","0","5","6","1","2.563312","0","6"
"/InterchangeAssets/gltf/M_Transmission.M_Transmission","0","28","28","2","136.989090","0","28"
"/Engine/EngineDebugMaterials/M_SimpleUnlitTranslucent.M_SimpleUnlitTranslucent","0","3","3","1","0.630218","0","3"
"/InterchangeAssets/gltf/M_SpecularGlossiness.M_SpecularGlossiness","0","102","112","6","99.394196","0","112"
"/Engine/VREditor/TransformGizmo/TranslucentTransformGizmoMaterial.TranslucentTransformGizmoMaterial","0","3","3","1","0.689407","0","3"
"/Engine/EditorMaterials/Camera/CineMat.CineMat","0","6","6","1","3.381589","0","6"
"/SpeedTreeImporter/SpeedTree9/SpeedTreeMaster.SpeedTreeMaster","0","28","32","1","23.277472","0","32"
"/Engine/VREditor/TransformGizmo/Xray.Xray","0","3","3","1","1.234519","0","3"
"/SpeedTreeImporter/SpeedTree9/SpeedTreeBillboardMaster.SpeedTreeBillboardMaster","0","28","32","1","23.885462","0","32"
"/Engine/EditorLandscapeResources/SplineEditorMeshMat.SplineEditorMeshMat","0","10","12","1","7.323235","0","12"
"/Engine/VREditor/TransformGizmo/Main.Main","0","3","3","1","0.643127","0","3"
"/Engine/EngineMaterials/FlattenMaterial_WS_Normal_VT.FlattenMaterial_WS_Normal_VT","0","6","6","1","2.993117","0","6"
"/Engine/EngineMaterials/FlattenMaterial_VT.FlattenMaterial_VT","0","6","6","1","2.167988","0","6"
"/AudioWidgets/AudioMaterialSlate/M_AudioMaterialToggleButton.M_AudioMaterialToggleButton","0","13","13","1","3.140613","0","13"
"/AudioWidgets/AudioMaterialSlate/M_AudioMaterialEnvelope_ADSR.M_AudioMaterialEnvelope_ADSR","0","23","25","1","9.999700","0","25"
"/AudioWidgets/AudioMaterialSlate/M_AudioMaterialKnob.M_AudioMaterialKnob","0","13","13","1","3.582862","0","13"
"/Engine/VREditor/SnapGrid/SnapGridMaterial.SnapGridMaterial","0","10","10","1","4.294132","0","10"
"/AudioWidgets/AudioMaterialSlate/M_AudioMaterialMeter.M_AudioMaterialMeter","0","13","13","1","2.833823","0","13"
"/AudioWidgets/AudioMaterialSlate/M_AudioMaterialRoundedSlider.M_AudioMaterialRoundedSlider","0","23","25","1","8.621269","0","25"
"/Engine/EngineMaterials/FlattenMaterial.FlattenMaterial","0","9","9","1","1.602809","0","9"
"/Engine/EngineMaterials/PPM_DefaultCalibrationColor.PPM_DefaultCalibrationColor","0","5","5","1","1.061012","0","5"
"/Engine/EngineMaterials/PPM_DefaultCalibrationGrayscale.PPM_DefaultCalibrationGrayscale","0","5","5","1","0.669779","0","5"
"/Engine/EngineMaterials/M_InvalidLightmapSettings.M_InvalidLightmapSettings","0","6","6","1","2.725115","0","6"
"/Engine/EngineMaterials/DefaultTextMaterialOpaque.DefaultTextMaterialOpaque","0","14","16","1","7.846396","0","16"
"/Paper2D/DefaultSpriteMaterial.DefaultSpriteMaterial","0","36","12","2","6.053872","0","12"
"/Engine/EngineMaterials/EmissiveMeshMaterial.EmissiveMeshMaterial","0","10","10","1","3.833339","0","10"
"/Engine/EditorMaterials/PreviewShadowIndicatorMaterial.PreviewShadowIndicatorMaterial","0","25","25","1","6.030296","0","25"
"/Engine/EngineMaterials/PhAT_JointLimitMaterial.PhAT_JointLimitMaterial","0","6","7","1","3.659948","0","7"
"/Engine/EngineMaterials/DefaultMaterial.DefaultMaterial","0","24","24","1","7.259063","0","24"
"/ControlRig/M_Manip.M_Manip","0","6","7","1","3.129566","0","7"
"/Engine/VREditor/TransformGizmo/TransformGizmoMaterial.TransformGizmoMaterial","0","2","2","1","1.055823","0","2"
"/Engine/EngineDebugMaterials/M_VolumeRenderSphereTracePP.M_VolumeRenderSphereTracePP","0","5","5","1","1.252319","0","0"
"/HairStrands/Materials/HairDebugMaterial.HairDebugMaterial","0","57","0","1","0.000000","0","0"
"Globals","49","10300","0","1","0.000000","0","0"
"/ControlRig/Controls/ControlRigGizmoMaterial.ControlRigGizmoMaterial","49","7","7","1","4.251466","0","7"
"/MeshModelingToolset/Materials/M_DynamicMeshComponentVtxColor.M_DynamicMeshComponentVtxColor","49","12","14","1","7.764880","0","14"
"","49","64","0","1","0.000000","65","0"
"/Engine/EditorMaterials/PhAT_UnselectedMaterial.PhAT_UnselectedMaterial","49","8","8","1","14.389401","0","8"
"/Engine/EngineMaterials/GizmoMaterial.GizmoMaterial","49","10","11","1","7.784815","0","11"
"/Engine/EngineMaterials/NaniteHiddenSectionMaterial.NaniteHiddenSectionMaterial","49","19","21","1","12.028886","0","21"
"/HairStrands/Materials/HairMeshesDefaultMaterial.HairMeshesDefaultMaterial","49","42","45","1","15.762977","0","45"
"/Engine/EditorMaterials/PhAT_NoCollisionMaterial.PhAT_NoCollisionMaterial","49","8","8","1","3.507249","0","8"
"/Engine/EngineDebugMaterials/DebugMeshMaterial.DebugMeshMaterial","49","10","10","1","5.955939","0","10"
"/Engine/EngineMaterials/RemoveSurfaceMaterial.RemoveSurfaceMaterial","49","7","7","1","3.102589","0","7"
"/Engine/EditorMaterials/Dataflow/DataflowTwoSidedVertexMaterial.DataflowTwoSidedVertexMaterial","49","17","19","1","8.019143","0","19"
"/Engine/EditorMaterials/Dataflow/DataflowVertexMaterial.DataflowVertexMaterial","49","11","11","1","3.642066","0","11"
"/Engine/BasicShapes/BasicShapeMaterial.BasicShapeMaterial","49","27","27","1","14.120854","0","27"
"/ControlRig/Controls/ControlRigXRayMaterial.ControlRigXRayMaterial","49","11","12","1","5.124366","0","12"
"/HairStrands/Materials/HairCardsDefaultMaterial.HairCardsDefaultMaterial","49","72","78","1","31.388571","0","78"
"/HairStrands/Materials/HairDefaultMaterial.HairDefaultMaterial","49","42","45","1","0.000000","0","45"
"/Engine/EngineDebugMaterials/DebugEditorMaterial.DebugEditorMaterial","49","10","11","1","4.564269","0","11"
"/Engine/EditorLandscapeResources/SplineEditorMeshMat.SplineEditorMeshMat","49","22","24","1","16.636829","0","24"
"/Engine/EngineDebugMaterials/M_SimpleUnlitTranslucent.M_SimpleUnlitTranslucent","49","8","8","1","3.209996","0","8"
"/Engine/EditorMaterials/Camera/CineMat.CineMat","49","14","14","1","7.657116","0","14"
"/Engine/VREditor/TransformGizmo/TranslucentTransformGizmoMaterial.TranslucentTransformGizmoMaterial","49","8","8","1","4.096013","0","8"
"/Engine/VREditor/TransformGizmo/Xray.Xray","49","8","8","1","3.931955","0","8"
"/Engine/VREditor/TransformGizmo/Main.Main","49","8","8","1","4.180094","0","8"
"/Engine/EngineMaterials/DefaultLightFunctionMaterial.DefaultLightFunctionMaterial","49","67","67","1","0.000000","0","67"
"/Engine/EngineMaterials/FlattenMaterial_WS_Normal_VT.FlattenMaterial_WS_Normal_VT","49","16","16","1","13.625431","0","16"
"/Engine/EngineMaterials/FlattenMaterial_VT.FlattenMaterial_VT","49","16","16","1","13.974432","0","16"
"/Engine/EngineMaterials/FlattenMaterial.FlattenMaterial","49","22","22","1","11.504566","0","22"
"/Engine/EngineMaterials/M_InvalidLightmapSettings.M_InvalidLightmapSettings","49","16","16","1","8.052160","0","16"
"/Engine/EngineMaterials/EmissiveMeshMaterial.EmissiveMeshMaterial","49","17","17","1","7.234003","0","17"
"/Engine/EngineMaterials/PhAT_JointLimitMaterial.PhAT_JointLimitMaterial","49","11","12","1","5.312346","0","12"
"/ControlRig/M_Manip.M_Manip","49","11","12","1","4.934184","0","12"
"/Paper2D/DefaultSpriteMaterial.DefaultSpriteMaterial","49","56","62","2","18.711891","0","20"
"/Engine/VREditor/TransformGizmo/TransformGizmoMaterial.TransformGizmoMaterial","49","7","7","1","4.178501","0","7"
"/Engine/EngineDebugMaterials/M_VolumeRenderSphereTracePP.M_VolumeRenderSphereTracePP","49","7","7","1","2.409181","0","0"
"/Engine/EngineMaterials/DefaultDeferredDecalMaterial.DefaultDeferredDecalMaterial","49","40","40","1","0.000000","0","40"
"/Engine/EngineMaterials/Widget3DPassThrough.Widget3DPassThrough","49","75","80","6","31.137939","0","80"
"/HairStrands/Materials/HairDebugMaterial.HairDebugMaterial","49","72","78","1","32.396881","0","0"
"/Engine/EngineSky/VolumetricClouds/m_SimpleVolumetricCloud.m_SimpleVolumetricCloud","49","92","92","1","0.000000","0","92"
"/Engine/EngineMaterials/DefaultPostProcessMaterial.DefaultPostProcessMaterial","49","9","9","1","0.000000","0","9"
"/Engine/EngineMaterials/DefaultMaterial.DefaultMaterial","49","45","45","1","11.374739","0","45"
"/Engine/EngineMaterials/WorldGridMaterial.WorldGridMaterial","49","993","1016","1","0.000000","0","1016"
"/Engine/EditorMaterials/PreviewShadowIndicatorMaterial.PreviewShadowIndicatorMaterial","49","67","67","1","15.659195","0","67"
"/Engine/EngineMaterials/DefaultTextMaterialOpaque.DefaultTextMaterialOpaque","49","21","23","1","4.073377","0","23"
"/Engine/EngineMaterials/PPM_DefaultCalibrationColor.PPM_DefaultCalibrationColor","49","7","7","1","2.090430","0","7"
"/Engine/EngineMaterials/PPM_DefaultCalibrationGrayscale.PPM_DefaultCalibrationGrayscale","49","7","7","1","2.267205","0","7"
"/Engine/VREditor/SnapGrid/SnapGridMaterial.SnapGridMaterial","49","18","18","1","9.818815","0","18"
"/AudioWidgets/AudioMaterialSlate/M_AudioMaterialMeter.M_AudioMaterialMeter","49","15","15","1","3.814630","0","15"
"/AudioWidgets/AudioMaterialSlate/M_AudioMaterialRoundedSlider.M_AudioMaterialRoundedSlider","49","27","29","1","8.961988","0","29"
"/AudioWidgets/AudioMaterialSlate/M_AudioMaterialEnvelope_ADSR.M_AudioMaterialEnvelope_ADSR","49","27","29","1","9.793885","0","29"
"/AudioWidgets/AudioMaterialSlate/M_AudioMaterialKnob.M_AudioMaterialKnob","49","15","15","1","4.442976","0","15"
"/AudioWidgets/AudioMaterialSlate/M_AudioMaterialToggleButton.M_AudioMaterialToggleButton","49","15","15","1","4.117607","0","15"
"/SpeedTreeImporter/SpeedTree9/SpeedTreeBillboardMaster.SpeedTreeBillboardMaster","49","42","46","1","24.876907","0","46"
"/SpeedTreeImporter/SpeedTree9/SpeedTreeMaster.SpeedTreeMaster","49","42","46","1","26.789089","0","46"
"/InterchangeAssets/gltf/M_SpecularGlossiness.M_SpecularGlossiness","49","156","166","6","78.271965","0","166"
"/Game/Orgin_stuff/FirstPersonArms/Character/Materials/M_Mannequin.M_Mannequin","49","26","30","2","8.394525","0","30"
"/InterchangeAssets/gltf/M_Default.M_Default","49","164","182","6","79.940308","0","182"
"/InterchangeAssets/gltf/M_ClearCoat.M_ClearCoat","49","164","182","6","79.454185","0","182"
"/InterchangeAssets/gltf/M_Sheen.M_Sheen","49","156","166","6","74.460899","0","166"
"/InterchangeAssets/gltf/M_Transmission.M_Transmission","49","54","54","2","69.553101","0","54"
"/InterchangeAssets/gltf/M_Unlit.M_Unlit","49","202","212","6","171.548874","0","212"
"/Game/Orgin_stuff/StarterContent/Props/Materials/M_Lamp.M_Lamp","49","8","8","1","1.605417","0","8"
"/Game/Orgin_stuff/StarterContent/Props/Materials/M_TableRound.M_TableRound","49","13","13","1","5.361827","0","13"
"/Game/Orgin_stuff/StarterContent/Props/Materials/M_Frame.M_Frame","49","8","8","1","1.521870","0","8"
"/Engine/EngineSky/M_Sky_Panning_Clouds2.M_Sky_Panning_Clouds2","49","7","7","1","1.227744","0","7"
"/Engine/EngineSky/M_SimpleSkyDome.M_SimpleSkyDome","49","7","7","1","1.224753","0","7"
"/Game/Orgin_stuff/StarterContent/Props/Materials/M_Door.M_Door","49","8","8","1","1.420781","0","8"
"/Game/Orgin_stuff/StarterContent/Materials/M_Glass.M_Glass","49","17","17","1","4.253153","0","17"
"/Game/Assets/Characters/Mannequins/Materials/M_Mannequin.M_Mannequin","49","26","30","2","0.000000","0","30"
"/Game/Orgin_stuff/StarterContent/Props/Materials/M_Chair.M_Chair","49","13","13","1","8.268516","0","13"
"/Game/Assets/Materials/Glowing_Portal.Glowing_Portal","49","8","8","1","0.000000","0","8"
"/Game/LevelPrototyping/Materials/M_PrototypeGrid.M_PrototypeGrid","49","16","16","2","3.647205","0","16"
